state,district,district_code,population_2011,literacy_rate_pct,rural_households,urban_households,estimated_diabetic_population,estimated_annual_screening_demand,estimated_screening_capacity,capacity_gap,priority_score,priority,screening_capacity_utilization_pct
MAHARASHTRA,Thane,517,11060148,74.38563209099914,713994,2904157,884812,530887,442406,88481,100.0,Critical,120.0
WEST BENGAL,North Twenty Four Parganas,337,10009781,76.0125820934544,1209337,1649803,800782,480469,400391,80078,90.5,Critical,120.0
KARNATAKA,Bangalore,572,9621551,78.07759892349996,300576,2967384,769724,461834,384862,76972,87.0,Critical,120.0
MAHARASHTRA,Pune,521,9429408,76.05698045943076,1165718,2056739,754353,452612,377176,75436,85.3,Critical,120.0
MAHARASHTRA,Mumbai Suburban,518,9356962,80.96094651234023,0,3078829,748557,449134,374278,74856,84.6,Critical,120.0
WEST BENGAL,South Twenty Four Parganas,343,8161961,67.77362695068011,1568802,611430,652957,391774,326478,65296,73.8,High,120.0
WEST BENGAL,Barddhaman,335,7717563,67.99047834141425,1364868,862368,617405,370443,308703,61740,69.8,High,120.0
GUJARAT,Ahmadabad,474,7214225,75.34780243200066,353169,1845383,577138,346283,288569,57714,65.2,High,120.0
WEST BENGAL,Murshidabad,333,7103807,57.09380899565543,1501066,350899,568305,340983,284152,56831,64.2,High,120.0
RAJASTHAN,Jaipur,110,6626178,64.90868491610095,754841,977838,530094,318056,265047,53009,59.9,High,120.0
MAHARASHTRA,Nashik,516,6107187,71.15167752354725,904661,764271,488575,293145,244287,48858,55.2,High,120.0
GUJARAT,Surat,492,6081322,75.17131965714033,369840,1529998,486506,291904,243253,48651,55.0,High,120.0
UTTAR PRADESH,Allahabad,175,5954391,61.56342437035123,983266,265304,476351,285811,238176,47635,53.8,High,120.0
WEST BENGAL,Paschim Medinipur,344,5913457,68.96832089926417,1364335,201048,473077,283846,236538,47308,53.5,High,120.0
BIHAR,Patna,230,5838465,59.25665393215511,657991,552103,467077,280246,233539,46707,52.8,High,120.0
WEST BENGAL,Hugli,338,5519145,73.89528631699294,992085,647953,441532,264919,220766,44153,49.9,Moderate,120.0
ANDHRA PRADESH,Rangareddy,537,5296741,66.79631871749062,432098,1129224,423739,254243,211870,42373,47.9,Moderate,120.0
WEST BENGAL,Nadia,336,5167600,67.35341357690223,1081381,468390,413408,248045,206704,41341,46.7,Moderate,120.0
ANDHRA PRADESH,East Godavari,545,5154296,63.80264152466215,1199479,406362,412344,247406,206172,41234,46.6,Moderate,120.0
BIHAR,Purba Champaran,204,5099371,44.65172273207813,1142260,101565,407950,244770,203975,40795,46.1,Moderate,120.0
WEST BENGAL,Purba Medinipur,345,5095875,76.98764196531508,1193006,170707,407670,244602,203835,40767,46.1,Moderate,120.0
ANDHRA PRADESH,Guntur,548,4887813,60.56780404651324,1069877,513113,391025,234615,195513,39102,44.2,Moderate,120.0
WEST BENGAL,Haora,341,4850029,74.33369986035136,483384,869313,388002,232801,194001,38800,43.9,Moderate,120.0
BIHAR,Muzaffarpur,216,4801062,52.264103233826184,998694,120700,384085,230451,192042,38409,43.4,Moderate,120.0
KARNATAKA,Belgaum,555,4779661,63.85457043920061,962777,356198,382373,229424,191186,38238,43.2,Moderate,120.0
UTTAR PRADESH,Moradabad,135,4772006,47.44017505426439,692398,355518,381760,229056,190880,38176,43.1,Moderate,120.0
UTTAR PRADESH,Ghaziabad,140,4681645,66.71296093573946,355407,836316,374532,224719,187266,37453,42.3,Moderate,120.0
MAHARASHTRA,Nagpur,505,4653570,78.94601349071789,430844,877522,372286,223372,186143,37229,42.1,Moderate,120.0
TAMIL NADU,Chennai,603,4646732,81.267350903818,0,1314125,371739,223043,185869,37174,42.0,Moderate,120.0
UTTAR PRADESH,Azamgarh,191,4613913,60.077357332051996,891024,80434,369113,221468,184557,36911,41.7,Moderate,120.0
UTTAR PRADESH,Lucknow,157,4589838,68.13443088841044,344155,717566,367187,220312,183594,36718,41.5,Moderate,120.0
UTTAR PRADESH,Kanpur Nagar,164,4581268,70.78874233072591,364869,684906,366501,219901,183251,36650,41.4,Moderate,120.0
MAHARASHTRA,Ahmadnagar,522,4543159,69.37661657890469,1041393,282011,363453,218072,181726,36346,41.1,Moderate,120.0
ANDHRA PRADESH,Krishna,547,4517398,66.62503503122815,909292,567042,361392,216835,180696,36139,40.8,Moderate,120.0
WEST BENGAL,Kolkata,342,4496694,79.79500050481532,0,1308106,359736,215842,179868,35974,40.7,Moderate,120.0
UTTAR PRADESH,Jaunpur,194,4494204,60.782220833767234,926088,80582,359536,215722,179768,35954,40.6,Moderate,120.0
BIHAR,Madhubani,207,4487379,48.03111125670464,1047552,41234,358990,215394,179495,35899,40.6,Moderate,120.0
UTTAR PRADESH,Sitapur,154,4483992,50.93080005495103,827583,111319,358719,215231,179360,35871,40.5,Moderate,120.0
UTTAR PRADESH,Bareilly,150,4448359,49.271180675840235,631613,362798,355869,213521,177934,35587,40.2,Moderate,120.0
UTTAR PRADESH,Gorakhpur,188,4440895,60.805941144746726,761958,189170,355272,213163,177636,35527,40.2,Moderate,120.0
UTTAR PRADESH,Agra,146,4418797,60.66153299189803,496971,406852,353504,212102,176752,35350,40.0,Moderate,120.0
BIHAR,Gaya,236,4391418,52.32052608064184,696289,111282,351313,210788,175657,35131,39.7,Moderate,120.0
MAHARASHTRA,Solapur,526,4317756,67.41177593175715,779929,376302,345420,207252,172710,34542,39.0,Moderate,120.0
ANDHRA PRADESH,Visakhapatnam,544,4290589,59.857725827386396,718847,660493,343247,205948,171624,34324,38.8,Moderate,120.0
BIHAR,Samastipur,221,4261566,50.28386278659066,1012979,43486,340925,204555,170463,34092,38.5,Moderate,120.0
MAHARASHTRA,Jalgaon,499,4229917,68.36734621506758,796223,373565,338393,203036,169197,33839,38.2,Moderate,120.0
ANDHRA PRADESH,Chittoor,554,4174064,63.915598802509976,907970,395900,333925,200355,166963,33392,37.7,Moderate,120.0
GUJARAT,Vadodara,486,4165626,69.45126614823319,547454,692971,333250,199950,166625,33325,37.7,Moderate,120.0
UTTAR PRADESH,Muzaffarnagar,133,4143512,58.34034027173084,673746,296104,331481,198889,165740,33149,37.5,Moderate,120.0
KERALA,Malappuram,592,4112920,80.51007556675063,634543,522586,329034,197420,164517,32903,37.2,Moderate,120.0
UTTAR PRADESH,Hardoi,155,4092845,54.28011566526463,786613,121064,327428,196457,163714,32743,37.0,Moderate,120.0
ANDHRA PRADESH,Anantapur,553,4081148,56.62524368143473,902997,341431,326492,195895,163246,32649,36.9,Moderate,120.0
CHHATTISGARH,Raipur,410,4063872,64.71042887177549,673499,395001,325110,195066,162555,32511,36.7,Moderate,120.0
ANDHRA PRADESH,Kurnool,552,4053463,52.47762222080231,783853,306982,324277,194566,162139,32427,36.6,Moderate,120.0
ANDHRA PRADESH,Mahbubnagar,538,4053028,47.881386459703705,848963,161052,324242,194545,162121,32424,36.6,Moderate,120.0
UTTAR PRADESH,Kheri,153,4021243,50.58246915195127,754938,107672,321699,193019,160850,32169,36.4,Moderate,120.0
TAMIL NADU,Kancheepuram,604,3998252,75.36748559120335,438799,774705,319860,191916,159930,31986,36.2,Moderate,120.0
WEST BENGAL,Maldah,332,3988845,52.30667022659442,830318,128678,319108,191465,159554,31911,36.1,Moderate,120.0
BIHAR,Saran,219,3951862,54.59335371528662,701323,76299,316149,189689,158074,31615,35.7,Moderate,120.0
ANDHRA PRADESH,Hyderabad,536,3943323,73.34309160066269,0,1066289,315466,189280,157733,31547,35.7,Moderate,120.0
BIHAR,Darbhanga,215,3937385,46.138084032930486,907174,95539,314991,188995,157495,31500,35.6,Moderate,120.0
ANDHRA PRADESH,West Godavari,546,3936966,67.37139716218022,1007255,248373,314957,188974,157479,31495,35.6,Moderate,120.0
TAMIL NADU,Vellore,605,3936331,70.46988680575896,653499,486801,314906,188944,157453,31491,35.6,Moderate,120.0
BIHAR,Pashchim Champaran,203,3935042,44.713144103671574,839514,96620,314803,188882,157402,31480,35.6,Moderate,120.0
MAHARASHTRA,Kolhapur,530,3876001,72.90619894060914,796496,382818,310080,186048,155040,31008,35.0,Moderate,120.0
WEST BENGAL,Jalpaiguri,328,3872846,64.5205102397565,798378,319426,309828,185897,154914,30983,35.0,Moderate,120.0
GUJARAT,Rajkot,476,3804558,71.62608639426709,459474,721532,304365,182619,152182,30437,34.4,Moderate,120.0
UTTAR PRADESH,Sultanpur,179,3797117,58.9895439092343,839737,49891,303769,182261,151885,30376,34.3,Moderate,120.0
ANDHRA PRADESH,Karimnagar,534,3776269,58.43940143035361,877236,288044,302102,181261,151051,30210,34.1,Moderate,120.0
TAMIL NADU,Thiruvallur,602,3728104,74.88313094269903,387237,732196,298248,178949,149124,29825,33.7,Moderate,120.0
MAHARASHTRA,Aurangabad,515,3701282,67.64783121091557,551789,427343,296103,177662,148051,29611,33.5,Moderate,120.0
RAJASTHAN,Jodhpur,113,3687165,55.09739867893083,584215,307442,294973,176984,147487,29497,33.3,Moderate,120.0
UTTAR PRADESH,Bijnor,134,3682713,57.984236078130444,683875,224648,294617,176770,147309,29461,33.3,Moderate,120.0
UTTAR PRADESH,Budaun,149,3681896,42.02935118210835,710956,156668,294552,176731,147276,29455,33.3,Moderate,120.0
UTTAR PRADESH,Varanasi,197,3676841,65.37957447711229,438935,316129,294147,176488,147074,29414,33.2,Moderate,120.0
RAJASTHAN,Alwar,104,3674179,59.40037216477477,782294,212967,293934,176360,146967,29393,33.2,Moderate,120.0
UTTAR PRADESH,Aligarh,143,3673889,56.957817723943215,582117,275942,293911,176347,146956,29391,33.2,Moderate,120.0
NCT OF DELHI,North West,90,3656539,74.05513793234532,67592,959275,292523,175514,146262,29252,33.1,Moderate,120.0
UTTAR PRADESH,Ghazipur,195,3620268,60.70127957377741,700173,61467,289621,173773,144811,28962,32.7,Moderate,120.0
WEST BENGAL,Bankura,339,3596674,62.08491511880143,900515,90885,287734,172640,143867,28773,32.5,Moderate,120.0
UTTAR PRADESH,Kushinagar,189,3564544,54.84067527291009,742324,42775,285164,171098,142582,28516,32.2,Moderate,120.0
ORISSA,Ganjam,388,3529031,62.62483950976912,795476,219918,282322,169393,141161,28232,31.9,Moderate,120.0
ANDHRA PRADESH,Warangal,540,3512576,58.78941836418628,758738,288249,281006,168604,140503,28101,31.8,Moderate,120.0
WEST BENGAL,Birbhum,334,3502404,61.62758493880204,831044,134565,280192,168115,140096,28019,31.7,Moderate,120.0
UTTAR PRADESH,Bulandshahr,142,3499171,58.0610664640282,658449,221628,279934,167960,139967,27993,31.6,Moderate,120.0
PUNJAB,Ludhiana,41,3498739,73.17564985556224,395032,641789,279899,167939,139950,27989,31.6,Moderate,120.0
BIHAR,Vaishali,220,3495021,55.12813799974307,699317,51494,279602,167761,139801,27960,31.6,Moderate,120.0
ANDHRA PRADESH,Nalgonda,539,3488809,57.35536109887357,833504,197433,279105,167463,139552,27911,31.5,Moderate,120.0
UTTAR PRADESH,Bahraich,180,3487731,40.09391779354543,698520,61742,279018,167411,139509,27902,31.5,Moderate,120.0
TAMIL NADU,Salem,608,3482056,65.63828956225862,572813,597539,278564,167138,139282,27856,31.5,Moderate,120.0
UTTAR PRADESH,Saharanpur,132,3466382,59.92149739988264,605082,284156,277311,166387,138655,27732,31.3,Moderate,120.0
TAMIL NADU,Viluppuram,607,3458873,63.48241175666178,808042,159272,276710,166026,138355,27671,31.3,Moderate,120.0
TAMIL NADU,Coimbatore,632,3458045,76.22535276435094,284795,884957,276644,165986,138322,27664,31.3,Moderate,120.0
UTTAR PRADESH,Meerut,138,3443689,62.18587102377712,381520,422303,275495,165297,137748,27549,31.1,Moderate,120.0
UTTAR PRADESH,Gonda,183,3433919,48.92351858037421,673578,52794,274714,164828,137357,27471,31.0,Moderate,120.0
BIHAR,Sitamarhi,206,3423574,41.96766303284229,807294,49670,273886,164332,136943,27389,31.0,Moderate,120.0
UTTAR PRADESH,Rae Bareli,158,3405559,57.72453215463306,705025,73393,272445,163467,136222,27245,30.8,Moderate,120.0
ANDHRA PRADESH,Prakasam,549,3397448,56.054868242280676,873486,214089,271796,163078,135898,27180,30.7,Moderate,120.0
MAHARASHTRA,Nanded,511,3361292,65.13641183211693,591119,230563,268903,161342,134452,26890,30.4,Moderate,120.0
CHHATTISGARH,Durg,409,3343872,68.88355774383709,533448,349741,267510,160506,133755,26751,30.2,Moderate,120.0
BIHAR,Siwan,218,3330464,57.95513778260326,632514,41858,266437,159862,133219,26643,30.1,Moderate,120.0
RAJASTHAN,Nagaur,112,3307743,53.16688751211929,675712,166489,264619,158771,132310,26461,29.9,Moderate,120.0
KERALA,Thiruvananthapuram,601,3301427,84.36981947503307,559293,609824,264114,158468,132057,26411,29.8,Moderate,120.0
KERALA,Ernakulam,595,3282388,86.99995247362591,369694,804997,262591,157555,131296,26259,29.7,Moderate,120.0
MADHYA PRADESH,Indore,439,3276697,70.47127030665331,200371,587947,262136,157282,131068,26214,29.6,Moderate,120.0
BIHAR,Purnia,211,3264619,40.81107167482637,712847,85749,261170,156702,130585,26117,29.5,Moderate,120.0
UTTAR PRADESH,Bara Banki,176,3260699,51.90476029832867,635840,79068,260856,156514,130428,26086,29.5,Moderate,120.0
UTTAR PRADESH,Ballia,193,3239774,60.608857284489595,564927,64454,259182,155509,129591,25918,29.3,Moderate,120.0
UTTAR PRADESH,Pratapgarh,173,3209141,60.18928429757371,711085,41701,256731,154039,128366,25673,29.0,Moderate,120.0
KERALA,Thrissur,594,3121200,85.81789055491478,336748,715119,249696,149818,124848,24970,28.2,Moderate,120.0
GUJARAT,Banas Kantha,469,3120506,54.63610709288814,666773,137424,249640,149784,124820,24964,28.2,Moderate,120.0
UTTAR PRADESH,Unnao,156,3108367,57.05838467594078,596317,121039,248669,149201,124335,24866,28.1,Moderate,120.0
UTTAR PRADESH,Deoria,190,3100946,60.47312658782191,597778,67928,248076,148846,124038,24808,28.0,Moderate,120.0
KERALA,Kozhikode,591,3086293,84.74383345975252,323793,666543,246903,148142,123452,24690,27.9,Moderate,120.0
MAHARASHTRA,Mumbai,519,3085411,81.31889074097421,0,1107321,246833,148100,123416,24684,27.9,Moderate,120.0
TAMIL NADU,Tirunelveli,628,3077233,73.87991094596997,547962,516705,246179,147707,123089,24618,27.8,Moderate,120.0
BIHAR,Katihar,212,3071029,41.68602771253544,668232,69838,245682,147409,122841,24568,27.8,Moderate,120.0
RAJASTHAN,Udaipur,130,3068420,51.57797824287418,665449,182769,245474,147284,122737,24547,27.7,Moderate,120.0
TAMIL NADU,Madurai,623,3038252,74.82690705050142,417718,592723,243060,145836,121530,24306,27.5,Moderate,120.0
BIHAR,Bhagalpur,224,3037766,51.78364627163514,522527,130634,243021,145813,121511,24302,27.5,Moderate,120.0
ANDHRA PRADESH,Medak,535,3033288,53.972356070376435,593653,195479,242663,145598,121332,24266,27.4,Moderate,120.0
WEST BENGAL,Uttar Dinajpur,330,3007134,49.53776585945289,683981,94269,240571,144343,120285,24058,27.2,Moderate,120.0
UTTAR PRADESH,Shahjahanpur,152,3006538,49.589594410581206,520289,134714,240523,144314,120262,24052,27.2,Moderate,120.0
MAHARASHTRA,Satara,527,3003741,74.09740054152472,774522,200949,240299,144179,120150,24029,27.2,Moderate,120.0
KARNATAKA,Mysore,577,3001127,65.38143837298455,540596,380386,240090,144054,120045,24009,27.1,Moderate,120.0
BIHAR,Begusarai,222,2970541,52.13437552284247,594377,139248,237643,142586,118822,23764,26.9,Moderate,120.0
ANDHRA PRADESH,Sri Potti Sriramulu Nellore,550,2963557,61.82398381404508,689137,264376,237085,142251,118542,23709,26.8,Moderate,120.0
BIHAR,Rohtas,234,2959918,60.806819648382145,512383,95678,236793,142076,118397,23679,26.8,Moderate,120.0
WEST BENGAL,Puruliya,340,2930115,55.455331957960695,653219,99433,234409,140645,117205,23440,26.5,Moderate,120.0
JHARKHAND,Ranchi,364,2914253,65.58912352496506,420740,310242,233140,139884,116570,23314,26.3,Moderate,120.0
MAHARASHTRA,Amravati,503,2888445,77.96149831483721,508921,272894,231076,138646,115538,23108,26.1,Moderate,120.0
ANDHRA PRADESH,Y.S.R.,551,2882469,59.55887123157265,590589,293504,230598,138359,115299,23060,26.1,Moderate,120.0
GUJARAT,Bhavnagar,481,2880365,65.52138357465113,387251,356826,230429,138257,115215,23042,26.0,Moderate,120.0
BIHAR,Nalanda,229,2877653,52.818494794195125,514141,102522,230212,138127,115106,23021,26.0,Moderate,120.0
ASSAM,Nagaon,305,2823768,60.582739091880065,674999,124186,225901,135541,112951,22590,25.5,Moderate,120.0
MAHARASHTRA,Sangli,531,2822143,72.62094798172878,626872,226801,225771,135463,112886,22577,25.5,Moderate,120.0
WEST BENGAL,Koch Bihar,329,2819086,65.64198467162761,803407,97331,225527,135316,112763,22553,25.5,Moderate,120.0
BIHAR,Araria,209,2811569,42.530274021373835,659061,44213,224926,134956,112463,22493,25.4,Moderate,120.0
KERALA,Palakkad,593,2809934,79.69909613535407,665899,228442,224795,134877,112397,22480,25.4,Moderate,120.0
ANDHRA PRADESH,Khammam,541,2797370,58.27738196949277,669262,201363,223790,134274,111895,22379,25.3,Moderate,120.0
MAHARASHTRA,Yavatmal,510,2772348,72.9552711275785,629243,168889,221788,133073,110894,22179,25.1,Moderate,120.0
GUJARAT,Junagadh,479,2743082,67.18056550988997,489237,287506,219447,131668,109723,21945,24.8,Moderate,120.0
ANDHRA PRADESH,Adilabad,532,2741239,54.112282803506005,597466,220248,219299,131579,109650,21929,24.8,Moderate,120.0
NCT OF DELHI,South,98,2731929,76.07818504800088,2918,728145,218554,131132,109277,21855,24.7,Moderate,120.0
BIHAR,Bhojpur,231,2728407,58.61116028510409,434559,77368,218273,130964,109136,21828,24.7,Moderate,120.0
TAMIL NADU,Tiruchirappalli,614,2722290,74.89947801299641,452707,423020,217783,130670,108892,21778,24.6,Moderate,120.0
ANDHRA PRADESH,Srikakulam,542,2703114,55.32067829917643,752752,149684,216249,129749,108125,21624,24.4,Moderate,120.0
UTTAR PRADESH,Mahrajganj,187,2684703,52.86037226464156,573046,34033,214776,128866,107388,21478,24.3,Moderate,120.0
JHARKHAND,Dhanbad,354,2684487,64.15393332133849,258764,405455,214759,128855,107379,21476,24.3,Moderate,120.0
KARNATAKA,Tumkur,571,2678980,67.68960574547029,685443,204799,214318,128591,107159,21432,24.2,Moderate,120.0
RAJASTHAN,Sikar,111,2677333,61.7075649536311,527560,178274,214187,128512,107093,21419,24.2,Moderate,120.0
CHHATTISGARH,Bilaspur,406,2663629,59.939278330428145,549632,188174,213090,127854,106545,21309,24.1,Moderate,120.0
KERALA,Kollam,600,2635375,85.00775032016317,523715,401415,210830,126498,105415,21083,23.8,Moderate,120.0
MAHARASHTRA,Raigarh,520,2634200,73.64642016551515,581868,377160,210736,126442,105368,21074,23.8,Moderate,120.0
UTTAR PRADESH,Fatehpur,172,2632733,57.437119525603244,558807,77733,210619,126371,105309,21062,23.8,Moderate,120.0
ORISSA,Cuttack,381,2624470,76.64286503560719,579529,210768,209958,125975,104979,20996,23.7,Moderate,120.0
TAMIL NADU,Cuddalore,617,2605914,69.66005017817164,497429,260780,208473,125084,104237,20847,23.6,Moderate,120.0
RAJASTHAN,Barmer,115,2603751,45.63884949060029,542825,55980,208300,124980,104150,20830,23.5,Moderate,120.0
MAHARASHTRA,Buldana,500,2586258,72.68702503771858,575405,152787,206901,124141,103450,20691,23.4,Moderate,120.0
MAHARASHTRA,Bid,523,2585049,66.4787011774245,563114,135457,206804,124082,103402,20680,23.4,Moderate,120.0
RAJASTHAN,Ajmer,119,2583052,59.10345591184382,409335,274919,206644,123986,103322,20664,23.4,Moderate,120.0
KARNATAKA,Gulbarga,579,2566326,55.61912243417243,400704,199303,205306,123184,102653,20531,23.2,Moderate,120.0
BIHAR,Gopalganj,217,2562012,53.98093373489273,515925,38133,204961,122977,102480,20497,23.2,Moderate,120.0
UTTAR PRADESH,Siddharthnagar,184,2559297,48.018108097653375,480165,33348,204744,122846,102372,20474,23.1,Moderate,120.0
ANDHRA PRADESH,Nizamabad,533,2551335,54.47383428675576,565165,155133,204107,122464,102053,20411,23.1,Moderate,120.0
RAJASTHAN,Bharatpur,105,2548462,58.108341423179944,479437,129697,203877,122326,101938,20388,23.0,Moderate,120.0
UTTAR PRADESH,Mathura,145,2547184,59.19266138606398,407488,177802,203775,122265,101887,20378,23.0,Moderate,120.0
NCT OF DELHI,West,96,2543243,77.11331555812795,1809,699703,203459,122075,101730,20345,23.0,Moderate,120.0
BIHAR,Aurangabad,235,2540073,57.71495543632014,428291,49006,203206,121924,101603,20321,23.0,Moderate,120.0
KERALA,Kannur,589,2523003,84.75748938863728,306288,566191,201840,121104,100920,20184,22.8,Moderate,120.0
ORISSA,Mayurbhanj,376,2519738,54.34680113567363,689110,64479,201579,120947,100790,20157,22.8,Moderate,120.0
UTTAR PRADESH,Firozabad,147,2498156,60.91717250644075,349747,185621,199852,119911,99926,19985,22.6,Moderate,120.0
UTTAR PRADESH,Mirzapur,199,2496970,57.216666599919094,465152,77963,199758,119855,99879,19976,22.6,Moderate,120.0
PUNJAB,Amritsar,49,2490656,67.6436248120977,275477,385476,199252,119551,99626,19925,22.5,Moderate,120.0
TAMIL NADU,Tiruppur,633,2479052,71.0177116091151,356886,538022,198324,118994,99162,19832,22.4,Moderate,120.0
UTTAR PRADESH,Faizabad,177,2470996,58.71725409510983,510378,79288,197680,118608,98840,19768,22.3,Moderate,120.0
TAMIL NADU,Tiruvannamalai,606,2464875,65.9998174349612,563102,147061,197190,118314,98595,19719,22.3,Moderate,120.0
UTTAR PRADESH,Basti,185,2464464,56.55521849781535,513960,31065,197157,118294,98579,19715,22.3,Moderate,120.0
MADHYA PRADESH,Jabalpur,451,2463289,71.30580293258323,272284,352477,197063,118238,98532,19706,22.3,Moderate,120.0
MAHARASHTRA,Latur,524,2454196,67.25917571375717,428616,157016,196336,117802,98168,19634,22.2,Moderate,120.0
KARNATAKA,Bellary,565,2452595,57.96395246667305,371604,251876,196208,117725,98104,19621,22.2,Moderate,120.0
JHARKHAND,Giridih,349,2445474,51.256934238515726,452564,46886,195638,117383,97819,19564,22.1,Moderate,120.0
GUJARAT,Sabar Kantha,472,2428589,65.00622377849854,544024,121509,194287,116572,97144,19428,22.0,Moderate,120.0
RAJASTHAN,Bhilwara,122,2408523,52.15337366510513,530015,145865,192682,115609,96341,19268,21.8,Moderate,120.0
TAMIL NADU,Thanjavur,620,2405890,74.44222304427883,479070,274302,192471,115483,96236,19247,21.8,Moderate,120.0
UTTAR PRADESH,Ambedkar Nagar,178,2397888,62.010360784156724,501559,65031,191831,115099,95916,19183,21.7,Moderate,120.0
GUJARAT,Panch Mahals,484,2390776,60.26516076788457,463363,104238,191262,114757,95631,19126,21.6,Moderate,120.0
MADHYA PRADESH,Sagar,427,2378458,64.98828232409402,448408,165507,190277,114166,95138,19028,21.5,Moderate,120.0
MADHYA PRADESH,Bhopal,444,2371061,70.03995257819179,118893,581826,189685,113811,94842,18969,21.4,Moderate,120.0
MADHYA PRADESH,Rewa,430,2365106,60.959508791572134,523910,94489,189208,113525,94604,18921,21.4,Moderate,120.0
RAJASTHAN,Bikaner,101,2363937,54.09623860534354,335754,196179,189115,113469,94557,18912,21.4,Moderate,120.0
CHHATTISGARH,Surguja,401,2359886,50.33891467638691,525596,65167,188791,113275,94395,18880,21.3,Moderate,120.0
ANDHRA PRADESH,Vizianagaram,543,2344474,52.82157106455435,592458,157056,187558,112535,93779,18756,21.2,Moderate,120.0
UTTAR PRADESH,Rampur,136,2335819,44.68094488485623,396775,143217,186866,112120,93433,18687,21.1,Moderate,120.0
ORISSA,Baleshwar,377,2320529,69.8647592854905,601154,82440,185642,111385,92821,18564,21.0,Moderate,120.0
GUJARAT,Kheda,483,2299885,72.18808766525284,461479,160547,183991,110395,91995,18400,20.8,Moderate,120.0
PUNJAB,Gurdaspur,35,2298323,71.12659969899792,420860,185488,183866,110320,91933,18387,20.8,Moderate,120.0
JHARKHAND,Purbi Singhbhum,357,2293919,65.72590400968822,262537,342126,183514,110108,91757,18351,20.7,Moderate,120.0
NCT OF DELHI,South West,97,2292958,77.9643150899406,41179,606503,183437,110062,91718,18344,20.7,Moderate,120.0
TAMIL NADU,Erode,610,2251744,66.28915187516876,411286,432398,180140,108084,90070,18014,20.4,Moderate,120.0
ORISSA,Khordha,386,2251673,77.7171463174271,331834,356895,180134,108080,90067,18013,20.4,Moderate,120.0
NCT OF DELHI,North East,92,2241624,71.89376987398421,5326,482255,179330,107598,89665,17933,20.3,Moderate,120.0
BIHAR,Supaul,208,2229076,46.35476762568885,572287,27815,178326,106996,89163,17833,20.2,Moderate,120.0
MADHYA PRADESH,Satna,429,2228935,61.54423525136444,461831,114173,178315,106989,89157,17832,20.2,Moderate,120.0
BIHAR,Nawada,237,2219146,49.163597167559054,379551,45323,177532,106519,88766,17753,20.1,Moderate,120.0
UTTAR PRADESH,Mau,192,2205968,61.788928941852284,352207,99321,176477,105886,88239,17647,19.9,Low,120.0
MAHARASHTRA,Chandrapur,509,2204307,71.61502458595831,451324,233331,176345,105807,88172,17635,19.9,Low,120.0
PUNJAB,Jalandhar,37,2193590,73.96719532820627,330339,377791,175487,105292,87744,17548,19.8,Low,120.0
MADHYA PRADESH,Dhar,438,2185793,49.28819883676084,412348,103364,174863,104918,87432,17486,19.8,Low,120.0
KARNATAKA,Bijapur,557,2177331,57.330190035414915,396449,131041,174186,104512,87093,17419,19.7,Low,120.0
GUJARAT,Jamnagar,477,2160119,64.65079007221361,347158,299167,172810,103686,86405,17281,19.5,Low,120.0
TAMIL NADU,Dindigul,612,2159775,68.61057286059891,443818,269724,172782,103669,86391,17278,19.5,Low,120.0
UTTAR PRADESH,Balrampur,182,2148665,40.413791819571685,410070,35768,171893,103136,85947,17189,19.4,Low,120.0
RAJASTHAN,Jhunjhunun,103,2137045,64.12405915645202,500452,150357,170964,102578,85482,17096,19.3,Low,120.0
KERALA,Alappuzha,598,2127789,87.07616215705599,331419,392117,170223,102134,85112,17022,19.2,Low,120.0
GUJARAT,Dohad,485,2127086,47.349801559504414,323697,52807,170167,102100,85083,17017,19.2,Low,120.0
ORISSA,Sundargarh,374,2093437,64.12048702683673,387911,230151,167475,100485,83737,16748,18.9,Low,120.0
GUJARAT,Anand,482,2092745,74.12527565470232,413078,208909,167420,100452,83710,16742,18.9,Low,120.0
GUJARAT,Kachchh,468,2092371,59.851670664523645,488293,250982,167390,100434,83695,16739,18.9,Low,120.0
MADHYA PRADESH,Chhindwara,455,2090922,61.89604394616346,413142,140802,167274,100364,83637,16727,18.9,Low,120.0
KARNATAKA,Dakshina Kannada,575,2089649,79.74176524382803,332919,317373,167172,100303,83586,16717,18.9,Low,120.0
JHARKHAND,Bokaro,355,2062330,61.75151406418953,250312,258452,164986,98992,82493,16499,18.6,Low,120.0
MAHARASHTRA,Dhule,498,2050862,63.09132452597981,382777,146013,164069,98441,82034,16407,18.5,Low,120.0
RAJASTHAN,Churu,102,2039547,56.34922852966859,344897,148996,163164,97898,81582,16316,18.4,Low,120.0
RAJASTHAN,Pali,118,2037573,53.28363695435697,512909,139808,163006,97804,81503,16301,18.4,Low,120.0
GUJARAT,Mahesana,471,2035064,73.83772697074883,476005,183738,162805,97683,81403,16280,18.4,Low,120.0
BIHAR,Banka,225,2034763,47.44144649770023,425604,18492,162781,97669,81391,16278,18.4,Low,120.0
MADHYA PRADESH,Gwalior,421,2032036,66.79064740978998,172720,272172,162563,97538,81281,16257,18.4,Low,120.0
UTTAR PRADESH,Pilibhit,151,2031007,52.24477315932441,371752,89638,162481,97489,81240,16249,18.4,Low,120.0
PUNJAB,Firozpur,43,2029074,60.49611793359927,348522,153868,162326,97396,81163,16233,18.3,Low,120.0
BIHAR,Madhepura,213,2001762,41.692119242946966,486278,24000,160141,96085,80070,16015,18.1,Low,120.0
UTTAR PRADESH,Jhansi,166,1998603,65.27124196251081,309592,195321,159888,95933,79944,15989,18.1,Low,120.0
MADHYA PRADESH,Ujjain,435,1986864,62.45973554304673,300765,188684,158949,95369,79475,15894,18.0,Low,120.0
KERALA,Kottayam,597,1974551,88.61751355118201,481967,196194,157964,94778,78982,15796,17.9,Low,120.0
RAJASTHAN,Ganganagar,99,1969168,60.6013808877658,397697,164897,157533,94520,78767,15753,17.8,Low,120.0
MADHYA PRADESH,Morena,419,1965970,60.00523914403577,319298,95288,157278,94367,78639,15728,17.8,Low,120.0
MAHARASHTRA,Jalna,514,1959046,61.02577479038267,404746,98084,156724,94034,78362,15672,17.7,Low,120.0
UTTAR PRADESH,Chandauli,196,1952756,60.15119144429719,344937,50822,156220,93732,78110,15622,17.7,Low,120.0
RAJASTHAN,Kota,127,1951014,66.5471903328218,203454,311735,156081,93649,78041,15608,17.6,Low,120.0
ASSAM,Dhubri,301,1949258,47.31754339343483,460602,60417,155941,93565,77970,15595,17.6,Low,120.0
KARNATAKA,Davanagere,567,1945497,67.25993409396159,354680,176011,155640,93384,77820,15564,17.6,Low,120.0
TAMIL NADU,Virudhunagar,625,1942288,72.01753807880192,363782,370942,155383,93230,77692,15538,17.6,Low,120.0
JHARKHAND,Palamu,358,1939869,52.81609222066026,355529,52375,155190,93114,77595,15519,17.5,Low,120.0
KARNATAKA,Raichur,559,1928812,50.79650064391967,330446,125402,154305,92583,77152,15431,17.4,Low,120.0
ASSAM,Sonitpur,306,1924110,57.614793333021495,483325,64528,153929,92357,76964,15393,17.4,Low,120.0
BIHAR,Saharsa,214,1900661,42.35347597493714,432651,38046,152053,91232,76026,15206,17.2,Low,120.0
PUNJAB,Patiala,48,1895686,66.82493830729351,299279,218090,151655,90993,75827,15166,17.1,Low,120.0
UTTARAKHAND,Hardwar,68,1890422,62.3328547805728,301828,186183,151234,90740,75617,15123,17.1,Low,120.0
KARNATAKA,Bagalkot,556,1889752,58.9184189248113,324799,165858,151180,90708,75590,15118,17.1,Low,120.0
UTTAR PRADESH,Farrukhabad,159,1885204,57.96067693469779,316647,94843,150816,90490,75408,15082,17.0,Low,120.0
TAMIL NADU,Krishnagiri,631,1879809,63.195675730885426,437988,142552,150385,90231,75192,15039,17.0,Low,120.0
MADHYA PRADESH,Khargone (West Nimar),440,1873046,52.654019175183095,383543,76620,149844,89906,74922,14984,16.9,Low,120.0
TAMIL NADU,Kanniyakumari,629,1870374,82.8036531731087,104253,493788,149630,89778,74815,14963,16.9,Low,120.0
UTTAR PRADESH,Mainpuri,148,1868529,64.42955929503904,338475,72783,149482,89689,74741,14948,16.9,Low,120.0
UTTAR PRADESH,Sonbhadra,200,1862559,52.92224300008751,337048,91040,149005,89403,74502,14901,16.8,Low,120.0
KARNATAKA,Dharwad,562,1847023,70.47362160622797,199707,283397,147762,88657,73881,14776,16.7,Low,120.0
WEST BENGAL,Darjiling,327,1846823,71.23503443481049,303284,215675,147746,88648,73873,14775,16.7,Low,120.0
UTTAR PRADESH,Jyotiba Phule Nagar,137,1840221,53.42347468048675,335888,115486,147218,88331,73609,14722,16.6,Low,120.0
MAHARASHTRA,Parbhani,513,1836086,63.058810970727954,293480,133759,146887,88132,73443,14689,16.6,Low,120.0
RAJASTHAN,Jalor,116,1828730,45.36383173021715,419216,48202,146298,87779,73149,14630,16.5,Low,120.0
ORISSA,Jajapur,382,1827192,70.62503557371092,495611,45528,146175,87705,73088,14617,16.5,Low,120.0
MAHARASHTRA,Akola,501,1813906,77.80342531531403,308158,196077,145112,87067,72556,14511,16.4,Low,120.0
HARYANA,Faridabad,88,1809733,70.32744609287668,87700,382981,144779,86867,72389,14478,16.4,Low,120.0
KARNATAKA,Mandya,573,1805769,63.66534146947921,458867,103435,144462,86677,72231,14446,16.3,Low,120.0
ORISSA,Kendujhar,375,1801733,58.41697965236803,490634,83664,144139,86483,72069,14414,16.3,Low,120.0
UTTAR PRADESH,Banda,170,1799410,55.73699156945888,378056,67569,143953,86372,71976,14396,16.3,Low,120.0
RAJASTHAN,Banswara,125,1797485,46.13907765572453,390437,39407,143799,86279,71899,14380,16.3,Low,120.0
UTTAR PRADESH,Kanpur Dehat,163,1796184,65.15162143744739,363933,41323,143695,86217,71847,14370,16.2,Low,120.0
KARNATAKA,Hassan,574,1776421,68.9732895524203,496103,132878,142114,85268,71057,14211,16.1,Low,120.0
RAJASTHAN,Hanumangarh,100,1774692,58.271294399253506,389059,108694,141975,85185,70988,14197,16.0,Low,120.0
UTTAR PRADESH,Etah,201,1774480,59.4654208556873,334246,67752,141958,85175,70979,14196,16.0,Low,120.0
MADHYA PRADESH,Chhatarpur,425,1762375,53.50921341939144,375869,95048,140990,84594,70495,14099,15.9,Low,120.0
BIHAR,Jamui,238,1760405,48.77218594584769,325909,30851,140832,84499,70416,14083,15.9,Low,120.0
GUJARAT,Surendranagar,475,1756268,62.269881362070024,340788,159810,140501,84301,70251,14050,15.9,Low,120.0
KARNATAKA,Shimoga,568,1752753,72.058983781514,352444,201662,140220,84132,70110,14022,15.8,Low,120.0
TAMIL NADU,Thoothukkudi,627,1750176,77.11778701113488,336078,300661,140014,84008,70007,14001,15.8,Low,120.0
HARYANA,Hisar,80,1743931,63.89650737328484,302013,154113,139514,83708,69757,13951,15.8,Low,120.0
ASSAM,Cachar,316,1736617,67.61007176596797,346227,88933,138929,83357,69465,13892,15.7,Low,120.0
JHARKHAND,Hazaribagh,360,1734495,58.41752210297522,312983,68765,138760,83256,69380,13876,15.7,Low,120.0
TAMIL NADU,Namakkal,609,1726601,68.11828557958671,370357,257127,138128,82877,69064,13813,15.6,Low,120.0
MADHYA PRADESH,Shivpuri,423,1726050,52.19118797253846,367859,66759,138084,82850,69042,13808,15.6,Low,120.0
TRIPURA,West Tripura,289,1725739,78.88527755355823,289621,217016,138059,82835,69030,13805,15.6,Low,120.0
UTTAR PRADESH,Sant Kabir Nagar,186,1715183,55.67621647369406,324972,27179,137215,82329,68607,13722,15.5,Low,120.0
NCT OF DELHI,East,93,1709346,79.15296259505097,1086,461132,136748,82049,68374,13675,15.5,Low,120.0
BIHAR,Buxar,232,1706352,58.00719898356259,299252,35405,136508,81905,68254,13651,15.4,Low,120.0
GUJARAT,Valsad,491,1705678,68.63294244282918,262410,235981,136454,81872,68227,13645,15.4,Low,120.0
KARNATAKA,Bidar,558,1703300,61.21487700346386,287134,102269,136264,81758,68132,13626,15.4,Low,120.0
MADHYA PRADESH,Bhind,420,1703005,64.29323460588783,271211,88385,136240,81744,68120,13624,15.4,Low,120.0
MADHYA PRADESH,Balaghat,457,1701698,67.43987476038639,400074,70793,136136,81682,68068,13614,15.4,Low,120.0
ORISSA,Puri,387,1698730,76.05322799974098,402014,72210,135898,81539,67949,13590,15.4,Low,120.0
UTTARAKHAND,Dehradun,60,1696694,74.23294948882946,228245,269393,135736,81442,67868,13574,15.3,Low,120.0
ASSAM,Barpeta,303,1693622,52.9668367557814,447189,52192,135490,81294,67745,13549,15.3,Low,120.0
BIHAR,Kishanganj,210,1690400,44.07572172266919,401793,43357,135232,81139,67616,13523,15.3,Low,120.0
UTTAR PRADESH,Jalaun,165,1689974,63.622043889432625,304856,91565,135198,81119,67599,13520,15.3,Low,120.0
WEST BENGAL,Dakshin Dinajpur,331,1676276,64.64836339600399,390949,70077,134102,80461,67051,13410,15.2,Low,120.0
BIHAR,Khagaria,223,1666886,46.07561644887533,373696,21007,133351,80011,66675,13336,15.1,Low,120.0
KARNATAKA,Chitradurga,566,1659456,65.52701608237881,349704,97644,132756,79654,66378,13276,15.0,Low,120.0
MAHARASHTRA,Osmanabad,525,1657576,68.64300641418554,367158,77832,132606,79564,66303,13261,15.0,Low,120.0
UTTAR PRADESH,Kannauj,160,1656616,61.3954591770211,299785,65985,132529,79517,66265,13252,15.0,Low,120.0
PUNJAB,Sangrur,53,1655169,60.54227695177955,292156,156788,132414,79448,66207,13241,15.0,Low,120.0
ORISSA,Balangir,393,1648997,56.23175785037814,476770,62192,131920,79152,65960,13192,14.9,Low,120.0
UTTARAKHAND,Udham Singh Nagar,67,1648902,62.94121785284996,269406,145253,131912,79147,65956,13191,14.9,Low,120.0
MAHARASHTRA,Nandurbar,497,1648295,54.99676938897466,333440,71572,131864,79118,65932,13186,14.9,Low,120.0
UTTAR PRADESH,Gautam Buddha Nagar,141,1648115,68.13523328165813,170835,338935,131849,79109,65925,13184,14.9,Low,120.0
HARYANA,Bhiwani,81,1634445,65.45775477302693,357047,99235,130756,78454,65378,13076,14.8,Low,120.0
RAJASTHAN,Dausa,109,1634409,57.39389589753849,361084,59610,130753,78452,65376,13076,14.8,Low,120.0
BIHAR,Kaimur (Bhabua),233,1626384,56.584176922547194,325143,15299,130111,78067,65055,13012,14.7,Low,120.0
CHHATTISGARH,Janjgir - Champa,405,1619707,62.951756089218605,379583,61190,129577,77746,64788,12958,14.6,Low,120.0
TAMIL NADU,Pudukkottai,621,1618345,68.62226533897284,399712,104229,129468,77681,64734,12947,14.6,Low,120.0
TAMIL NADU,Nagapattinam,618,1616450,75.0414797859507,399016,118724,129316,77590,64658,12932,14.6,Low,120.0
MAHARASHTRA,Ratnagiri,528,1615069,74.26258568519364,538538,100824,129206,77524,64603,12921,14.6,Low,120.0
UTTAR PRADESH,Kaushambi,174,1599596,50.851840089622634,349856,30764,127968,76781,63984,12797,14.5,Low,120.0
KARNATAKA,Haveri,564,1597668,67.93920889696733,315076,98488,127813,76688,63907,12781,14.4,Low,120.0
PUNJAB,Hoshiarpur,38,1586625,75.61326715512487,422673,128592,126930,76158,63465,12693,14.3,Low,120.0
UTTAR PRADESH,Etawah,161,1581810,67.13846795759288,265643,85483,126545,75927,63272,12655,14.3,Low,120.0
UTTAR PRADESH,Sant Ravidas Nagar (Bhadohi),198,1578213,57.669402038888286,293510,45997,126257,75754,63129,12625,14.3,Low,120.0
ORISSA,Kalahandi,395,1576869,50.86256372596583,456336,38412,126150,75690,63075,12615,14.3,Low,120.0
MADHYA PRADESH,Betul,447,1575362,59.654162027521295,318945,87704,126029,75617,63014,12603,14.2,Low,120.0
UTTAR PRADESH,Mahamaya Nagar,144,1564708,60.23948238265542,288150,84883,125177,75106,62588,12518,14.1,Low,120.0
MADHYA PRADESH,Dewas,437,1563715,59.17759949862986,274995,101014,125097,75058,62549,12509,14.1,Low,120.0
GUJARAT,Bharuch,488,1551019,72.09943914291186,300677,181319,124082,74449,62041,12408,14.0,Low,120.0
MADHYA PRADESH,Rajgarh,442,1545814,52.0272814193687,331894,69823,123665,74199,61833,12366,14.0,Low,120.0
RAJASTHAN,Chittaurgarh,126,1544338,53.215358295917085,366780,88873,123547,74128,61774,12354,14.0,Low,120.0
CHHATTISGARH,Rajnandgaon,408,1537133,65.60128498965283,313604,76528,122971,73783,61485,12298,13.9,Low,120.0
KARNATAKA,Kolar,581,1536401,66.14282339050807,326567,151042,122912,73747,61456,12291,13.9,Low,120.0
JAMMU AND KASHMIR,Jammu,21,1529958,74.32458930245144,254566,248043,122397,73438,61198,12240,13.8,Low,120.0
ASSAM,Kamrup,321,1517542,65.58757517090137,390596,43849,121403,72842,60702,12140,13.7,Low,120.0
HARYANA,Gurgaon,86,1514432,73.3684972319655,141703,381988,121155,72693,60577,12116,13.7,Low,120.0
GUJARAT,Amreli,480,1514190,65.74201388200952,313714,116899,121135,72681,60568,12113,13.7,Low,120.0
MADHYA PRADESH,Shajapur,436,1512681,59.14082347831433,312611,73997,121014,72608,60507,12101,13.7,Low,120.0
HIMACHAL PRADESH,Kangra,24,1510075,76.32998361008559,588321,39007,120806,72484,60403,12081,13.7,Low,120.0
TAMIL NADU,Dharmapuri,630,1506843,60.902761601573616,396819,91107,120547,72328,60274,12054,13.6,Low,120.0
ORISSA,Bhadrak,378,1506337,72.635804604149,373862,54244,120507,72304,60253,12051,13.6,Low,120.0
HARYANA,Karnal,74,1505324,64.97026553751883,292682,135920,120426,72256,60213,12043,13.6,Low,120.0
JHARKHAND,Pashchimi Singhbhum,368,1502338,48.42858264917748,336928,63396,120187,72112,60094,12018,13.6,Low,120.0
CHHATTISGARH,Raigarh,403,1493984,63.6980717330306,354278,66638,119519,71711,59759,11952,13.5,Low,120.0
JHARKHAND,Deoghar,350,1492073,53.18359088328788,257373,64337,119366,71620,59683,11937,13.5,Low,120.0
ORISSA,Bargarh,370,1481255,66.41550577044467,411566,47395,118500,71100,59250,11850,13.4,Low,120.0
MADHYA PRADESH,Vidisha,443,1458875,59.1495501670808,292579,83830,116710,70026,58355,11671,13.2,Low,120.0
RAJASTHAN,Karauli,107,1458248,55.26145072717398,305047,59308,116660,69996,58330,11666,13.2,Low,120.0
MADHYA PRADESH,Ratlam,434,1455069,56.75882037209232,266716,107151,116406,69844,58203,11641,13.2,Low,120.0
HARYANA,Sonipat,76,1450001,68.84933182804701,283858,133576,116000,69600,58000,11600,13.1,Low,120.0
MADHYA PRADESH,Tikamgarh,424,1445166,51.75460812114318,322772,60220,115613,69368,57807,11561,13.1,Low,120.0
ORISSA,Kendrapara,379,1440361,75.62444414976524,414749,23494,115229,69137,57614,11523,13.0,Low,120.0
KARNATAKA,Uttara Kannada,563,1437169,75.28036020815924,334281,140511,114974,68984,57487,11497,13.0,Low,120.0
UTTAR PRADESH,Kanshiram Nagar,202,1436719,50.45175848582778,271234,72490,114938,68963,57469,11494,13.0,Low,120.0
RAJASTHAN,Tonk,120,1421326,52.743635168849366,298911,81755,113706,68224,56853,11371,12.9,Low,120.0
CHHATTISGARH,Bastar,414,1413199,46.05600485140451,316425,54894,113056,67834,56528,11306,12.8,Low,120.0
RAJASTHAN,Jhalawar,129,1411129,52.42554011716859,298624,63763,112890,67734,56445,11289,12.8,Low,120.0
GUJARAT,Gandhinagar,473,1391753,74.04287973512541,237624,195634,111340,66804,55670,11134,12.6,Low,120.0
KARNATAKA,Koppal,560,1389920,58.210904224703576,272968,64681,111194,66716,55597,11119,12.6,Low,120.0
RAJASTHAN,Dungarpur,124,1388552,49.086458411352254,322816,31547,111084,66650,55542,11108,12.6,Low,120.0
PUNJAB,Bathinda,46,1388525,60.84643776669487,218159,137563,111082,66649,55541,11108,12.6,Low,120.0
MADHYA PRADESH,Barwani,441,1385881,39.68060749804636,250358,48912,110870,66522,55435,11087,12.5,Low,120.0
ORISSA,Koraput,398,1379647,41.17647485190052,381789,78339,110372,66223,55186,11037,12.5,Low,120.0
UTTAR PRADESH,Auraiya,162,1379545,67.47413096346983,255836,58438,110364,66218,55182,11036,12.5,Low,120.0
MADHYA PRADESH,Seoni,456,1379131,62.66221265420037,335045,47542,110330,66198,55165,11033,12.5,Low,120.0
BIHAR,Munger,226,1367765,58.62242417374329,222281,85782,109421,65653,54711,10942,12.4,Low,120.0
TAMIL NADU,Ramanathapuram,626,1353445,72.32994321897085,290478,126761,108276,64966,54138,10828,12.2,Low,120.0
GUJARAT,Patan,470,1343734,62.3570587631183,301483,102655,107499,64499,53749,10750,12.1,Low,120.0
MADHYA PRADESH,Mandsaur,433,1340411,62.26381311403741,302287,81832,107233,64340,53616,10724,12.1,Low,120.0
TAMIL NADU,Sivaganga,622,1339101,71.67077016595462,309224,143193,107128,64277,53564,10713,12.1,Low,120.0
RAJASTHAN,Sawai Madhopur,108,1335551,55.53872521528568,282057,71264,106844,64106,53422,10684,12.1,Low,120.0
HARYANA,Jind,77,1334152,62.41852502563427,278335,89665,106732,64039,53366,10673,12.1,Low,120.0
MADHYA PRADESH,Raisen,446,1331597,61.59671432122481,251272,74441,106528,63917,53264,10653,12.0,Low,120.0
GUJARAT,Navsari,490,1329672,75.35008633708162,267739,141417,106374,63824,53187,10637,12.0,Low,120.0
ASSAM,Tinsukia,309,1327929,60.11782256430879,290704,90910,106234,63740,53117,10623,12.0,Low,120.0
ASSAM,Dibrugarh,310,1326335,66.68986342062902,299852,77163,106107,63664,53053,10611,12.0,Low,120.0
JHARKHAND,Garhwa,346,1322784,49.4015651837337,272872,19180,105823,63494,52911,10583,12.0,Low,120.0
MAHARASHTRA,Gondiya,507,1322507,75.93479656440381,319702,66813,105801,63481,52900,10581,12.0,Low,120.0
JHARKHAND,Dumka,362,1321442,50.88448830898366,303697,23281,105715,63429,52858,10571,11.9,Low,120.0
JHARKHAND,Godda,351,1313551,46.02173802159185,276454,15576,105084,63050,52542,10508,11.9,Low,120.0
MADHYA PRADESH,Sehore,445,1311332,59.509109821158944,270427,59220,104907,62944,52453,10491,11.9,Low,120.0
MADHYA PRADESH,Khandwa (East Nimar),466,1310061,55.845872825769185,265663,63425,104805,62883,52402,10481,11.8,Low,120.0
KERALA,Kasaragod,588,1307375,79.35687924275744,251641,166164,104590,62754,52295,10459,11.8,Low,120.0
UTTAR PRADESH,Baghpat,139,1303048,61.23872643218055,246055,69991,104244,62546,52122,10424,11.8,Low,120.0
MAHARASHTRA,Wardha,504,1300774,78.37318396585418,268486,120218,104062,62437,52031,10406,11.8,Low,120.0
HARYANA,Sirsa,79,1295189,60.446544867196984,245476,93316,103615,62169,51808,10361,11.7,Low,120.0
MADHYA PRADESH,Katni,450,1292042,61.20335097465872,276151,72880,103363,62018,51682,10336,11.7,Low,120.0
ORISSA,Anugul,384,1273821,68.25574393890508,340410,74177,101906,61144,50953,10191,11.5,Low,120.0
TAMIL NADU,Thiruvarur,619,1264277,74.86262899665184,321331,86848,101142,60685,50571,10114,11.4,Low,120.0
MADHYA PRADESH,Damoh,428,1264219,59.1444203891889,303387,66514,101138,60683,50569,10114,11.4,Low,120.0
KARNATAKA,Chikkaballapura,582,1255104,62.4029562490439,315649,94053,100408,60245,50204,10041,11.3,Low,120.0
ASSAM,Kamrup Metropolitan,322,1253938,79.84374028061994,61334,366858,100315,60189,50158,10031,11.3,Low,120.0
TAMIL NADU,Theni,624,1245899,69.83551636208072,189328,221295,99672,59803,49836,9967,11.3,Low,120.0
MADHYA PRADESH,Guna,458,1241519,52.67579473209834,212765,72320,99322,59593,49661,9932,11.2,Low,120.0
MADHYA PRADESH,Hoshangabad,449,1241350,65.3034196640754,209650,105746,99308,59585,49654,9931,11.2,Low,120.0
JAMMU AND KASHMIR,Srinagar,10,1236829,60.52445406761969,4518,257721,98946,59368,49473,9895,11.2,Low,120.0
ASSAM,Karimganj,317,1228686,64.72744053403392,261945,32695,98295,58977,49147,9830,11.1,Low,120.0
RAJASTHAN,Baran,128,1222755,56.70040196114512,249184,69804,97820,58692,48910,9782,11.1,Low,120.0
UTTAR PRADESH,Lalitpur,167,1221592,52.48814661523651,258013,43819,97727,58636,48864,9772,11.0,Low,120.0
ORISSA,Nabarangapur,397,1220946,38.52578246703786,342840,29424,97676,58606,48838,9768,11.0,Low,120.0
HARYANA,Yamunanagar,71,1214205,68.55983956580644,214464,143259,97136,58282,48568,9714,11.0,Low,120.0
CHHATTISGARH,Korba,404,1206640,62.05322217065571,206598,126055,96531,57919,48266,9653,10.9,Low,120.0
RAJASTHAN,Dhaulpur,106,1206516,56.617400846735556,214670,58626,96521,57913,48261,9652,10.9,Low,120.0
HARYANA,Panipat,75,1205437,65.25426048810515,173502,153804,96435,57861,48217,9644,10.9,Low,120.0
MAHARASHTRA,Bhandara,506,1200334,74.9674673882436,283843,72575,96027,57616,48013,9603,10.9,Low,120.0
KERALA,Pathanamthitta,599,1197412,88.73746045638427,414992,57848,95793,57476,47896,9580,10.8,Low,120.0
MAHARASHTRA,Washim,502,1197160,72.66505730228207,274925,55921,95773,57464,47886,9578,10.8,Low,120.0
ORISSA,Dhenkanal,383,1192811,69.57598479557952,315390,36979,95425,57255,47712,9543,10.8,Low,120.0
MADHYA PRADESH,Singrauli,463,1178273,49.65351832724674,228732,58593,94262,56557,47131,9426,10.7,Low,120.0
KARNATAKA,Udupi,569,1177361,78.68691081155228,269817,115572,94189,56513,47094,9419,10.6,Low,120.0
MAHARASHTRA,Hingoli,512,1177345,67.16323592489883,242456,41913,94188,56513,47094,9419,10.6,Low,120.0
KARNATAKA,Yadgir,580,1174271,43.43145662287496,207787,55208,93942,56365,46971,9394,10.6,Low,120.0
RAJASTHAN,Rajsamand,123,1156597,53.53109164211908,304622,61054,92528,55517,46264,9253,10.5,Low,120.0
ASSAM,Sivasagar,311,1151050,70.67503583684463,360182,45047,92084,55250,46042,9208,10.4,Low,120.0
JHARKHAND,Sahibganj,352,1150567,42.00216067382429,223450,37543,92045,55227,46023,9204,10.4,Low,120.0
KARNATAKA,Chikmagalur,570,1137961,71.91327295047897,311660,80766,91037,54622,45518,9104,10.3,Low,120.0
ORISSA,Jagatsinghapur,380,1136971,78.19258362790255,309685,43047,90958,54575,45479,9096,10.3,Low,120.0
HARYANA,Ambala,70,1128350,72.49745203172775,175365,139891,90268,54161,45134,9027,10.2,Low,120.0
MADHYA PRADESH,Sidhi,462,1127033,53.306779836970165,250953,25916,90163,54098,45081,9017,10.2,Low,120.0
BIHAR,Jehanabad,239,1125313,54.99634323961422,186660,28132,90025,54015,45013,9002,10.2,Low,120.0
PUNJAB,Tarn Taran,50,1119627,59.498565147142756,222717,44457,89570,53742,44785,8957,10.1,Low,120.0
UTTAR PRADESH,Shrawasti,181,1117361,37.885070268248136,248770,8504,89389,53633,44694,8939,10.1,Low,120.0
RAJASTHAN,Bundi,121,1110906,52.66368171564471,239836,63452,88872,53323,44436,8887,10.0,Low,120.0
KERALA,Idukki,596,1108974,83.23098647939446,391610,20823,88718,53231,44359,8872,10.0,Low,120.0
UTTAR PRADESH,Hamirpur,168,1104285,59.16036168199332,256081,55300,88343,53006,44171,8835,10.0,Low,120.0
ASSAM,Jorhat,312,1092256,72.7786343128351,286330,80824,87380,52428,43690,8738,9.9,Low,120.0
MADHYA PRADESH,Narsimhapur,452,1091854,65.83160385912402,230659,53059,87348,52409,43674,8735,9.9,Low,120.0
HARYANA,Mewat,87,1089263,41.76190690402593,187398,36237,87141,52285,43571,8714,9.8,Low,120.0
KARNATAKA,Ramanagara,584,1082636,62.32547227322941,266950,84834,86611,51967,43305,8662,9.8,Low,120.0
JAMMU AND KASHMIR,Anantnag,14,1078692,50.57347231647217,207067,70666,86295,51777,43148,8629,9.8,Low,120.0
HARYANA,Kaithal,73,1074304,60.18119638389133,231091,75696,85944,51566,42972,8594,9.7,Low,120.0
MAHARASHTRA,Gadchiroli,508,1072942,66.02081007174667,293586,37254,85835,51501,42918,8583,9.7,Low,120.0
ASSAM,Golaghat,313,1066888,67.6513373475004,292893,34190,85351,51211,42676,8535,9.6,Low,120.0
MADHYA PRADESH,Shahdol,460,1066063,56.67526215617651,233594,57846,85285,51171,42643,8528,9.6,Low,120.0
JHARKHAND,Saraikela-Kharsawan,369,1065056,57.5550018027221,217248,68439,85204,51122,42602,8520,9.6,Low,120.0
KARNATAKA,Gadag,561,1064570,65.77087462543562,180066,111906,85166,51100,42583,8517,9.6,Low,120.0
TAMIL NADU,Karur,613,1064493,68.29955669036809,212241,152420,85159,51095,42580,8515,9.6,Low,120.0
HARYANA,Rohtak,82,1061204,70.44658708410448,175203,131739,84896,50938,42448,8490,9.6,Low,120.0
CHANDIGARH,Chandigarh,55,1055450,76.31228385996495,8911,289456,84436,50662,42218,8444,9.5,Low,120.0
MADHYA PRADESH,Mandla,454,1054905,57.347533664168814,279674,37258,84392,50635,42196,8439,9.5,Low,120.0
JHARKHAND,Chatra,347,1042886,48.908605542695945,200974,14528,83431,50059,41715,8344,9.4,Low,120.0
HARYANA,Palwal,89,1042708,57.522911495835835,186069,63090,83417,50050,41708,8342,9.4,Low,120.0
ASSAM,Lakhimpur,307,1042137,65.58504304136596,293239,34694,83371,50023,41685,8338,9.4,Low,120.0
ORISSA,Sambalpur,372,1041099,67.59117048426711,220697,94798,83288,49973,41644,8329,9.4,Low,120.0
RAJASTHAN,Sirohi,117,1036346,46.008379440843115,238535,69639,82908,49745,41454,8291,9.4,Low,120.0
CHHATTISGARH,Mahasamund,411,1032754,61.772987565286606,274793,35774,82620,49572,41310,8262,9.3,Low,120.0
JHARKHAND,Gumla,366,1025213,54.5954840603855,216629,16445,82017,49210,41009,8201,9.3,Low,120.0
MADHYA PRADESH,Jhabua,464,1025048,34.34775737331325,211080,24713,82004,49202,41002,8200,9.3,Low,120.0
KARNATAKA,Chamarajanagar,578,1020791,55.37656582003564,262680,57200,81663,48998,40832,8166,9.2,Low,120.0
MADHYA PRADESH,Panna,426,1016520,54.35790737024357,256744,32179,81322,48793,40661,8132,9.2,Low,120.0
ASSAM,Goalpara,302,1008183,55.90026810608788,228610,39504,80655,48393,40327,8066,9.1,Low,120.0
JAMMU AND KASHMIR,Baramula,8,1008039,54.080149676748626,210543,48932,80643,48386,40322,8064,9.1,Low,120.0
BIHAR,Lakhisarai,227,1000912,50.68077912943396,175882,31763,80073,48044,40036,8008,9.1,Low,120.0
HIMACHAL PRADESH,Mandi,27,999777,72.39084315802424,431129,31696,79982,47989,39991,7998,9.0,Low,120.0
PUNJAB,Moga,42,995746,63.057145095235136,214295,74144,79660,47796,39830,7966,9.0,Low,120.0
PUNJAB,Sahibzada Ajit Singh Nagar,52,994628,74.05532520701207,117293,174042,79570,47742,39785,7957,9.0,Low,120.0
UTTAR PRADESH,Chitrakoot,171,991730,53.55005898782935,207237,23558,79338,47603,39669,7934,9.0,Low,120.0
KARNATAKA,Bangalore Rural,583,990923,69.50580418458347,231052,95410,79274,47564,39637,7927,9.0,Low,120.0
ORISSA,Rayagada,396,967911,42.125257384201646,237343,49205,77433,46460,38716,7744,8.8,Low,120.0
HARYANA,Kurukshetra,72,964655,67.05951868802836,203553,88268,77172,46303,38586,7717,8.7,Low,120.0
ORISSA,Nayagarh,385,962789,71.49666230087797,261646,26688,77023,46214,38512,7702,8.7,Low,120.0
HARYANA,Jhajjar,83,958405,70.5433506711672,211816,78328,76672,46003,38336,7667,8.7,Low,120.0
ASSAM,Morigaon,304,957423,56.39116670478984,232206,25275,76594,45956,38297,7659,8.7,Low,120.0
ASSAM,Karbi Anglong,314,956313,58.26690633715113,215691,37185,76505,45903,38253,7650,8.6,Low,120.0
UTTARAKHAND,Nainital,66,954605,72.96211522043149,193086,105577,76368,45821,38184,7637,8.6,Low,120.0
PONDICHERRY,PONDICHERRY,635,950289,76.46610662651047,87296,203741,76023,45614,38012,7602,8.6,Low,120.0
ASSAM,Baksa,324,950075,60.293871536457644,291641,3580,76006,45604,38003,7601,8.6,Low,120.0
JHARKHAND,Ramgarh,361,949443,62.82599376687173,134067,118558,75955,45573,37978,7595,8.6,Low,120.0
HARYANA,Fatehabad,78,942011,59.19017930788494,203020,55360,75361,45217,37680,7537,8.5,Low,120.0
ASSAM,Darrang,325,928500,52.4543887991384,268517,20189,74280,44568,37140,7428,8.4,Low,120.0
HARYANA,Mahendragarh,84,922088,68.35085154562255,223726,44216,73767,44260,36884,7376,8.3,Low,120.0
PUNJAB,Muktsar,44,901896,58.19384940170485,149507,74650,72152,43291,36076,7215,8.2,Low,120.0
JHARKHAND,Pakur,353,900422,39.19062395188034,200588,16587,72034,43220,36017,7203,8.1,Low,120.0
HARYANA,Rewari,85,900332,70.74579155244955,199449,69305,72027,43216,36013,7203,8.1,Low,120.0
NCT OF DELHI,North,91,887978,76.7493113568129,4512,296559,71038,42623,35519,7104,8.0,Low,120.0
ASSAM,Kokrajhar,300,887142,55.15520626912039,204896,17115,70971,42583,35486,7097,8.0,Low,120.0
TRIPURA,South Tripura,290,876001,73.83667370242728,219171,44906,70080,42048,35040,7008,7.9,Low,120.0
UTTAR PRADESH,Mahoba,169,875958,55.72253464207188,198298,48525,70077,42046,35038,7008,7.9,Low,120.0
JAMMU AND KASHMIR,Kupwara,1,870354,50.51438839828391,158438,23226,69628,41777,34814,6963,7.9,Low,120.0
RAJASTHAN,Pratapgarh,131,867848,46.26559028770015,209813,24269,69428,41657,34714,6943,7.8,Low,120.0
CHHATTISGARH,Jashpur,402,851669,58.16989933882765,205670,20722,68134,40880,34067,6813,7.7,Low,120.0
MAHARASHTRA,Sindhudurg,529,849651,78.39301077736623,295847,44989,67972,40783,33986,6797,7.7,Low,120.0
MADHYA PRADESH,Ashoknagar,459,845071,55.51119373401762,169606,37135,67606,40564,33803,6761,7.6,Low,120.0
ASSAM,Udalguri,326,831668,56.50403766887748,267790,13835,66533,39920,33267,6653,7.5,Low,120.0
MADHYA PRADESH,Neemuch,432,826067,61.59718279510016,174235,67962,66085,39651,33043,6608,7.5,Low,120.0
MEGHALAYA,East Khasi Hills,298,825922,69.98602773627533,106248,108843,66074,39644,33037,6607,7.5,Low,120.0
CHHATTISGARH,Kabeerdham,407,822526,50.353058748294885,187311,23868,65802,39481,32901,6580,7.4,Low,120.0
GOA,North Goa,585,818008,81.05788696443066,115859,209230,65441,39265,32720,6545,7.4,Low,120.0
KERALA,Wayanad,590,817420,78.97837097208289,266183,11805,65394,39236,32697,6539,7.4,Low,120.0
PUNJAB,Kapurthala,36,815168,70.72983728507498,165433,95770,65213,39128,32607,6521,7.4,Low,120.0
HIMACHAL PRADESH,Shimla,33,814010,75.26222036584316,279269,95896,65121,39073,32560,6513,7.4,Low,120.0
GUJARAT,Tapi,493,807022,60.7215168855372,192272,26217,64562,38737,32281,6456,7.3,Low,120.0
CHHATTISGARH,Dhamtari,412,799781,68.37284206551544,168689,41792,63982,38389,31991,6398,7.2,Low,120.0
JHARKHAND,Jamtara,363,791042,53.89246083014555,165555,20113,63283,37970,31642,6328,7.2,Low,120.0
MADHYA PRADESH,Datia,422,786754,62.46488737267304,160453,43401,62940,37764,31470,6294,7.1,Low,120.0
ASSAM,Nalbari,323,771639,68.91447943921963,210706,28238,61731,37039,30866,6173,7.0,Low,120.0
PUNJAB,Mansa,47,769751,55.025586196055606,145603,50786,61580,36948,30790,6158,7.0,Low,120.0
MADHYA PRADESH,Burhanpur,467,757847,53.92632022030832,115979,62861,60628,36377,30314,6063,6.9,Low,120.0
TAMIL NADU,Ariyalur,616,754894,63.66509735141622,223955,30322,60392,36235,30196,6039,6.8,Low,120.0
JAMMU AND KASHMIR,Badgam,2,753745,44.53084265898944,160649,27190,60300,36180,30150,6030,6.8,Low,120.0
MADHYA PRADESH,Anuppur,461,749237,58.27194866243926,147388,60325,59939,35963,29969,5994,6.8,Low,120.0
CHHATTISGARH,Uttar Bastar Kanker,413,748941,60.8915789094201,169191,24878,59915,35949,29958,5991,6.8,Low,120.0
ASSAM,Bongaigaon,319,738804,58.75414859692151,181923,38470,59104,35462,29552,5910,6.7,Low,120.0
TAMIL NADU,The Nilgiris,611,735394,77.46146963396492,112126,151979,58832,35299,29416,5883,6.6,Low,120.0
ORISSA,Kandhamal,390,733110,54.53288046814257,218446,24489,58649,35189,29324,5865,6.6,Low,120.0
MADHYA PRADESH,Alirajpur,465,728999,28.77287897514263,135866,14662,58320,34992,29160,5832,6.6,Low,120.0
JHARKHAND,Latehar,359,726978,48.23832358063105,146377,14137,58158,34895,29079,5816,6.6,Low,120.0
JHARKHAND,Kodarma,348,716259,54.48434155801184,116714,34771,57301,34381,28650,5731,6.5,Low,120.0
MADHYA PRADESH,Dindori,453,704524,53.754591752729496,218021,9774,56362,33817,28181,5636,6.4,Low,120.0
BIHAR,Arwal,240,700843,55.126611808921545,134334,9960,56067,33640,28034,5606,6.3,Low,120.0
TRIPURA,North Tripura,292,693947,74.99160598720074,150437,42184,55516,33310,27758,5552,6.3,Low,120.0
MADHYA PRADESH,Sheopur,418,687861,47.687686901859536,150146,26376,55029,33017,27514,5503,6.2,Low,120.0
UTTARAKHAND,Garhwal,61,687271,72.00783970224263,279682,36780,54982,32989,27491,5498,6.2,Low,120.0
ASSAM,Dhemaji,308,686133,61.65393589872517,211758,16504,54891,32935,27445,5490,6.2,Low,120.0
PUNJAB,Rupnagar,51,684627,73.43137211941685,148162,60537,54770,32862,27385,5477,6.2,Low,120.0
RAJASTHAN,Jaisalmer,114,669919,46.07318198170226,159117,30830,53594,32156,26797,5359,6.1,Low,120.0
ASSAM,Hailakandi,318,659296,61.78802844245984,159215,16202,52744,31646,26372,5274,6.0,Low,120.0
CHHATTISGARH,Koriya,400,658917,60.375282471085136,121852,59763,52713,31628,26357,5271,6.0,Low,120.0
BIHAR,Sheohar,205,656246,43.23043492836528,158484,7516,52500,31500,26250,5250,5.9,Low,120.0
MADHYA PRADESH,Umaria,431,644758,55.318739744214106,138100,29966,51581,30949,25790,5159,5.8,Low,120.0
MEGHALAYA,West Garo Hills,293,643291,55.76045677617129,139351,18594,51463,30878,25732,5146,5.8,Low,120.0
JAMMU AND KASHMIR,Rajouri,6,642415,56.678159756543664,196070,17508,51393,30836,25697,5139,5.8,Low,120.0
GOA,South Goa,586,640537,78.43840402662141,88620,162873,51243,30746,25621,5125,5.8,Low,120.0
BIHAR,Sheikhpura,228,636342,51.65084184290837,108293,24345,50907,30544,25454,5090,5.8,Low,120.0
UTTARAKHAND,Almora,64,622506,70.11932415109253,260056,21082,49800,29880,24900,4980,5.6,Low,120.0
UTTARAKHAND,Tehri Garhwal,59,618931,65.91914122898999,227059,27177,49514,29708,24757,4951,5.6,Low,120.0
PUNJAB,Faridkot,45,617508,61.745758759400694,99946,58917,49401,29641,24700,4941,5.6,Low,120.0
JAMMU AND KASHMIR,Kathua,7,616435,63.1378815284661,181374,33473,49315,29589,24657,4932,5.6,Low,120.0
ORISSA,Malkangiri,399,613192,39.906913332202635,167884,15839,49055,29433,24528,4905,5.5,Low,120.0
PUNJAB,Shahid Bhagat Singh Nagar,39,612310,71.6073557511718,183168,48383,48985,29391,24492,4899,5.5,Low,120.0
ORISSA,Nuapada,394,610382,49.048464731921975,197258,11869,48831,29299,24415,4884,5.5,Low,120.0
ORISSA,Subarnapur,392,610183,65.2953294339567,176927,16575,48815,29289,24407,4882,5.5,Low,120.0
PUNJAB,Fatehgarh Sahib,40,600163,70.98621541147988,117559,57337,48013,28808,24007,4801,5.4,Low,120.0
JHARKHAND,Simdega,367,599578,57.28745884605506,144169,11114,47966,28780,23983,4797,5.4,Low,120.0
PUNJAB,Barnala,54,595527,60.42228144147956,102577,54222,47642,28585,23821,4764,5.4,Low,120.0
GUJARAT,Narmada,487,590297,62.73723227460075,138121,22248,47224,28334,23612,4722,5.3,Low,120.0
GUJARAT,Porbandar,478,585449,67.24377358232742,96015,87557,46836,28102,23418,4684,5.3,Low,120.0
NCT OF DELHI,Central,95,582320,75.96510509685397,0,194897,46586,27952,23293,4659,5.3,Low,120.0
HIMACHAL PRADESH,Solan,31,580320,73.85201268265784,192787,51509,46426,27856,23213,4643,5.2,Low,120.0
ORISSA,Jharsuguda,371,579505,70.03891252016807,103224,73962,46360,27816,23180,4636,5.2,Low,120.0
ORISSA,Gajapati,389,577817,45.436011747664054,152095,23050,46225,27735,23113,4622,5.2,Low,120.0
MADHYA PRADESH,Harda,448,570465,61.80046102740746,112714,31845,45637,27382,22819,4563,5.2,Low,120.0
TAMIL NADU,Perambalur,615,565223,66.49110174214425,155413,33179,45218,27131,22609,4522,5.1,Low,120.0
HARYANA,Panchkula,69,561293,72.2114831291322,70895,93656,44903,26942,22452,4490,5.1,Low,120.0
JAMMU AND KASHMIR,Pulwama,12,560440,52.451288273499394,147520,21703,44835,26901,22418,4483,5.1,Low,120.0
JAMMU AND KASHMIR,Udhampur,19,554985,58.083371622656465,148664,34696,44399,26639,22199,4440,5.0,Low,120.0
KARNATAKA,Kodagu,576,554519,74.4567814628534,181182,31792,44362,26617,22181,4436,5.0,Low,120.0
CHHATTISGARH,Dakshin Bastar Dantewada,416,533638,35.836465918843864,106545,31304,42691,25615,21346,4269,4.8,Low,120.0
JHARKHAND,Khunti,365,531885,53.50310687460635,123245,12474,42551,25531,21275,4256,4.8,Low,120.0
HIMACHAL PRADESH,Sirmaur,32,529855,68.44230968849968,171102,21054,42388,25433,21194,4239,4.8,Low,120.0
HIMACHAL PRADESH,Una,29,521173,76.69526241766171,185091,20126,41694,25016,20847,4169,4.7,Low,120.0
HIMACHAL PRADESH,Chamba,23,519080,62.3876859058334,186395,13836,41526,24916,20763,4153,4.7,Low,120.0
MANIPUR,Imphal West,277,517992,75.79769571730837,51055,85746,41439,24863,20720,4143,4.7,Low,120.0
UTTARAKHAND,Pithoragarh,62,483439,71.47747699296086,183687,26256,38675,23205,19338,3867,4.4,Low,120.0
ASSAM,Chirang,320,482162,53.90345983300219,129018,11613,38573,23144,19286,3858,4.4,Low,120.0
MANIPUR,Senapati,272,479148,55.19735029677678,38008,1826,38332,22999,19166,3833,4.3,Low,120.0
JAMMU AND KASHMIR,Punch,5,476835,54.88774943114495,132139,15269,38147,22888,19073,3815,4.3,Low,120.0
JHARKHAND,Lohardaga,356,461790,56.239199636198265,96759,14725,36943,22166,18472,3694,4.2,Low,120.0
MANIPUR,Imphal East,278,456113,71.18060656021645,64421,46520,36489,21893,18245,3648,4.1,Low,120.0
HIMACHAL PRADESH,Hamirpur,28,454768,78.74146817718045,196116,15232,36381,21829,18191,3638,4.1,Low,120.0
ORISSA,Baudh,391,441162,61.56740607758601,131377,6577,35293,21176,17646,3530,4.0,Low,120.0
HIMACHAL PRADESH,Kullu,26,437903,70.26030878984615,167995,20709,35032,21019,17516,3503,4.0,Low,120.0
JAMMU AND KASHMIR,Kulgam,15,424483,49.25638953739019,95952,25178,33959,20375,16979,3396,3.8,Low,120.0
MANIPUR,Thoubal,276,422168,63.79071838699285,65961,38302,33773,20264,16887,3377,3.8,Low,120.0
JAMMU AND KASHMIR,Doda,16,409936,53.443220405136415,122267,11350,32795,19677,16397,3280,3.7,Low,120.0
MIZORAM,Aizawl,283,400309,85.08302336445097,20570,80341,32025,19215,16012,3203,3.6,Low,120.0
MEGHALAYA,Jaintia Hills,299,395124,47.46029094663954,76546,7171,31610,18966,15805,3161,3.6,Low,120.0
JAMMU AND KASHMIR,Bandipore,9,392232,47.41556017866977,80521,17555,31379,18827,15689,3138,3.5,Low,120.0
UTTARAKHAND,Chamoli,57,391605,71.6425990475096,163434,22906,31328,18797,15664,3133,3.5,Low,120.0
MEGHALAYA,West Khasi Hills,296,383461,60.15683472373984,74832,12299,30677,18406,15338,3068,3.5,Low,120.0
HIMACHAL PRADESH,Bilaspur,30,381956,75.3018672307805,152458,11987,30556,18334,15278,3056,3.5,Low,120.0
NAGALAND,Dimapur,265,378811,73.39728782955089,49116,62853,30305,18183,15152,3031,3.4,Low,120.0
TRIPURA,Dhalai,291,378230,73.0288448827433,89457,14071,30258,18155,15129,3026,3.4,Low,120.0
DADRA AND NAGAR HAVELI,Dadra AND Nagar Haveli,496,343709,64.94738281511395,48221,60562,27497,16498,13748,2750,3.1,Low,120.0
UTTARAKHAND,Uttarkashi,56,330086,65.17271256581618,112148,9061,26407,15844,13203,2641,3.0,Low,120.0
JAMMU AND KASHMIR,Samba,22,318898,71.53980269553274,94247,19989,25512,15307,12756,2551,2.9,Low,120.0
MEGHALAYA,East Garo Hills,294,317917,60.439359958731366,62698,11518,25433,15260,12717,2543,2.9,Low,120.0
JAMMU AND KASHMIR,Reasi,20,314667,47.84168660838283,95572,12261,25173,15104,12587,2517,2.8,Low,120.0
ORISSA,Debagarh,373,312520,63.29802892614873,91408,7350,25002,15001,12501,2500,2.8,Low,120.0
JAMMU AND KASHMIR,Ganderbal,11,297446,48.168743234066014,63788,13558,23796,14278,11898,2380,2.7,Low,120.0
JAMMU AND KASHMIR,Ramban,17,283713,43.72905013164712,84281,5341,22697,13618,11349,2269,2.6,Low,120.0
SIKKIM,East District,244,283583,75.57893103606351,40626,41512,22687,13612,11343,2269,2.6,Low,120.0
MANIPUR,Churachandpur,274,274143,71.4718230996232,52972,4853,21931,13159,10966,2193,2.5,Low,120.0
NAGALAND,Kohima,270,267988,73.69322506977925,31845,44255,21439,12863,10720,2143,2.4,Low,120.0
JAMMU AND KASHMIR,Shupiyan,13,266215,51.27434592340777,75616,5272,21297,12778,10649,2129,2.4,Low,120.0
UTTARAKHAND,Bageshwar,63,259898,69.0590154599112,96031,3880,20792,12475,10396,2079,2.3,Low,120.0
UTTARAKHAND,Champawat,65,259648,68.44882302193739,85202,12839,20772,12463,10386,2077,2.3,Low,120.0
MEGHALAYA,Ribhoi,297,258840,60.214418173388964,57988,5736,20707,12424,10354,2070,2.3,Low,120.0
CHHATTISGARH,Bijapur,417,255230,34.05516592877013,50449,7942,20418,12251,10209,2042,2.3,Low,120.0
NAGALAND,Mon,261,250260,47.80068728522337,43607,7415,20021,12013,10010,2003,2.3,Low,120.0
UTTARAKHAND,Rudraprayag,58,242285,70.55038487731392,112705,4454,19383,11630,9691,1939,2.2,Low,120.0
ANDAMAN AND NICOBAR ISLANDS,South Andaman,640,238142,79.89602842001831,34901,50631,19051,11431,9526,1905,2.2,Low,120.0
MANIPUR,Bishnupur,275,237399,65.85242566312411,34977,21172,18992,11395,9496,1899,2.1,Low,120.0
JAMMU AND KASHMIR,Kishtwar,18,230696,46.60072129555779,72378,5993,18456,11074,9228,1846,2.1,Low,120.0
GUJARAT,The Dangs,489,228291,61.749258621671466,52102,7516,18263,10958,9132,1826,2.1,Low,120.0
ASSAM,Dima Hasao,315,214102,65.79714341762337,37610,21309,17128,10277,8564,1713,1.9,Low,120.0
PONDICHERRY,Karaikal,637,200222,77.3721169501853,35618,33715,16018,9611,8009,1602,1.8,Low,120.0
NAGALAND,Tuensang,267,196596,59.77283362835459,40690,9451,15728,9437,7864,1573,1.8,Low,120.0
NAGALAND,Mokokchung,262,194622,81.95065306080505,37536,17742,15570,9342,7785,1557,1.8,Low,120.0
DAMAN AND DIU,Daman,495,191173,78.64499693994445,10006,61073,15294,9176,7647,1529,1.7,Low,120.0
MANIPUR,Ukhrul,279,183998,70.56000608702269,36084,5806,14720,8832,7360,1472,1.7,Low,120.0
ARUNACHAL PRADESH,Papum Pare,248,176573,68.55408244748631,20308,30180,14126,8476,7063,1413,1.6,Low,120.0
NAGALAND,Wokha,264,166343,77.07447863751405,38499,8170,13307,7984,6654,1330,1.5,Low,120.0
NAGALAND,Phek,266,163418,64.79885936677722,38903,7295,13073,7844,6537,1307,1.5,Low,120.0
MIZORAM,Lunglei,286,161428,75.03159303218773,21479,17315,12914,7748,6457,1291,1.5,Low,120.0
ARUNACHAL PRADESH,Changlang,253,148226,49.3665079000985,33422,6498,11858,7115,5929,1186,1.3,Low,120.0
SIKKIM,South District,243,146850,72.68709567585972,31135,8163,11748,7049,5874,1175,1.3,Low,120.0
ARUNACHAL PRADESH,Lohit,259,145726,56.998751080795465,33599,11372,11658,6995,5829,1166,1.3,Low,120.0
MANIPUR,Chandel,280,144182,62.630564148090606,30377,3783,11535,6921,5767,1154,1.3,Low,120.0
MEGHALAYA,South Garo Hills,295,142334,57.654530892126964,35930,3713,11387,6832,5693,1139,1.3,Low,120.0
NCT OF DELHI,New Delhi,94,142004,80.40548153573138,0,52664,11360,6816,5680,1136,1.3,Low,120.0
JAMMU AND KASHMIR,Kargil,4,140802,61.246289115211425,40370,7774,11264,6758,5632,1126,1.3,Low,120.0
NAGALAND,Zunheboto,263,140757,73.09121393607423,31267,6044,11261,6757,5630,1127,1.3,Low,120.0
MANIPUR,Tamenglong,273,140651,60.43753688206981,23982,4119,11252,6751,5626,1125,1.3,Low,120.0
CHHATTISGARH,Narayanpur,415,139820,40.495637247890144,26916,6179,11186,6712,5593,1119,1.3,Low,120.0
SIKKIM,West District,242,136435,68.48096163008026,32091,1886,10915,6549,5457,1092,1.2,Low,120.0
JAMMU AND KASHMIR,Leh(Ladakh),3,133487,70.24654086165694,36920,17474,10679,6407,5339,1068,1.2,Low,120.0
MIZORAM,Champhai,284,125745,80.16382361127678,18395,12717,10060,6036,5030,1006,1.1,Low,120.0
MIZORAM,Lawngtlai,287,117894,53.31993146385736,21993,5273,9432,5659,4716,943,1.1,Low,120.0
ARUNACHAL PRADESH,West Siang,250,112274,57.66784829969539,22272,8503,8982,5389,4491,898,1.0,Low,120.0
ARUNACHAL PRADESH,Tirap,254,111975,42.843491850859564,18420,6500,8958,5375,4479,896,1.0,Low,120.0
ANDAMAN AND NICOBAR ISLANDS,North  AND Middle Andaman,639,105597,74.51253350000474,39091,1094,8448,5069,4224,845,1.0,Low,120.0
ARUNACHAL PRADESH,East Siang,251,99214,63.07174390710988,19497,9524,7937,4762,3969,793,0.9,Low,120.0
NAGALAND,Peren,271,95219,65.32729812327372,20204,4073,7618,4571,3809,762,0.9,Low,120.0
ARUNACHAL PRADESH,Kurung Kumey,256,92076,39.756288283591815,18603,1092,7366,4420,3683,737,0.8,Low,120.0
MIZORAM,Mamit,281,86364,69.69454865453199,16726,4129,6909,4145,3455,690,0.8,Low,120.0
HIMACHAL PRADESH,Kinnaur,34,84121,72.15677417054005,44514,0,6730,4038,3365,673,0.8,Low,120.0
MIZORAM,Kolasib,282,83955,78.48847596926926,9669,12507,6716,4030,3358,672,0.8,Low,120.0
ARUNACHAL PRADESH,West Kameng,246,83947,57.76501840446948,17889,6306,6716,4030,3358,672,0.8,Low,120.0
ARUNACHAL PRADESH,Upper Subansiri,249,83448,54.25893969897421,14542,4672,6676,4006,3338,668,0.8,Low,120.0
ARUNACHAL PRADESH,Lower Subansiri,255,83030,65.1053835962905,18112,5365,6642,3985,3321,664,0.8,Low,120.0
ARUNACHAL PRADESH,East Kameng,247,78690,48.861354682933026,14503,5215,6295,3777,3148,629,0.7,Low,120.0
NAGALAND,Kiphire,269,74004,55.71590724825685,16032,4290,5920,3552,2960,592,0.7,Low,120.0
MIZORAM,Serchhip,285,64937,83.89054006190617,7472,8018,5195,3117,2597,520,0.6,Low,120.0
LAKSHADWEEP,Lakshadweep,587,64473,81.51164053169543,5289,15953,5158,3095,2579,516,0.6,Low,120.0
MIZORAM,Saiha,288,56574,74.650899706579,7043,5784,4526,2716,2263,453,0.5,Low,120.0
PONDICHERRY,Yanam,634,55626,70.60367454068242,0,15519,4450,2670,2225,445,0.5,Low,120.0
ARUNACHAL PRADESH,Lower Dibang Valley,258,54080,58.89238165680474,12000,3950,4326,2596,2163,433,0.5,Low,120.0
DAMAN AND DIU,Diu,494,52074,73.08445673464685,9788,9062,4166,2500,2083,417,0.5,Low,120.0
NAGALAND,Longleng,268,50484,59.14547183265986,12686,2451,4039,2423,2019,404,0.5,Low,120.0
ARUNACHAL PRADESH,Tawang,245,49977,52.169998199171616,10730,2452,3998,2399,1999,400,0.5,Low,120.0
SIKKIM,North  District,241,43709,69.66528632547073,11543,2066,3497,2098,1748,350,0.4,Low,120.0
PONDICHERRY,Mahe,636,41816,87.21541993495313,0,12110,3345,2007,1673,334,0.4,Low,120.0
ANDAMAN AND NICOBAR ISLANDS,Nicobars,638,36842,68.7584821670919,15958,0,2947,1768,1474,294,0.3,Low,119.9
ARUNACHAL PRADESH,Upper Siang,252,35320,51.514722536806346,8569,2182,2826,1696,1413,283,0.3,Low,120.0
HIMACHAL PRADESH,Lahul AND Spiti,25,31564,69.20859206691166,17434,0,2525,1515,1263,252,0.3,Low,120.0
ARUNACHAL PRADESH,Anjaw,260,21167,47.19610714791893,6025,428,1693,1016,847,169,0.2,Low,120.0
ARUNACHAL PRADESH,Dibang Valley,257,8004,55.42228885557221,2055,1175,640,384,320,64,0.1,Low,120.0
